{
    "train_loss": 0.03461221978068352,
    "train_loss_step": 0.02437770739197731,
    "val_loss": 0.04916251823306084,
    "val_f1": 0.7700098752975464,
    "val_soft_f1": 0.7508487105369568,
    "val_precision": 0.6274533271789551,
    "val_recall": 0.9963892102241516,
    "val_avg_pixel_error": 0.746519148349762,
    "opt_metric": 0.2491512894630432,
    "train_loss_epoch": 0.03461221978068352
}