{
    "val_loss": 0.24443821609020233,
    "val_f1": 0.8056942224502563,
    "val_soft_f1": 0.7893574237823486,
    "val_precision": 0.6927917003631592,
    "val_recall": 0.9625617861747742,
    "val_avg_pixel_error": 0.6082922220230103,
    "opt_metric": 0.21064257621765137
}